Student,LPIPS,SSIM
109590012.png,0.0,1.0
109590002.png,0.2247941792011261,0.8713532719909501
107590028.png,0.2739628255367279,0.856915331526472
109590003.png,0.2920246124267578,0.8421653812885441
